mealId,mainIngredients,tags,ingredientList,amountList,unitsList,ingredientPrep,steps,name,pictureLink
52775,"lasagne sheets,lentils,zucchini,carrot","vegan,vegetarian,italian,lasagna","green red lentils,carrot,onion,zucchini,coriander,spinach,lasagne sheets,vegan butter,flour,soya milk,mustard,vinegar","1,1,1,1,150,10,35,4,300,1.5,1","cups,na,na,small,g,na,g,tablespoons,ml,teaspoons,teaspoon","na,na,na,na,na,na,na,na,na,na,na","Preheat oven to 180 degrees celcius. ', 'Boil vegetables for 5-7 minutes, until soft. Add lentils and bring to a gentle simmer, adding a stock cube if desired. Continue cooking and stirring until the lentils are soft, which should take about 20 minutes. ', 'Blanch spinach leaves for a few minutes in a pan, before removing and setting aside. ', 'Top up the pan with water and cook the lasagne sheets. When cooked, drain and set aside.', 'To make the sauce, melt the butter and add the flour, then gradually add the soya milk along with the mustard and the vinegar. Cook and stir until smooth and then assemble the lasagne as desired in a baking dish. ', 'Bake in the preheated oven for about 25 minutes.'",Vegan Lasagna,https://www.themealdb.com/images/media/meals/rvxxuy1468312893.jpg
52835,"fettuccine,clotted cream,cream,parmesan cheese","italian,fettuccine alfredo,vegetarian","clotted cream,butter,corn flour,parmesan cheese cheese,nutmeg,fettuccine,parsley","227,25,1,100,250","g,g,tsp,g,g","na,na,na,na,na","In a medium saucepan, stir the clotted cream, butter and cornflour over a low-ish heat and bring to a low simmer. Turn off the heat and keep warm.', 'Meanwhile, put the cheese and nutmeg in a small bowl and add a good grinding of black pepper, then stir everything together (donâ€™t add any salt at this stage).', 'Put the pasta in another pan with 2 tsp salt, pour over some boiling water and cook following pack instructions (usually 3-4 mins). When cooked, scoop some of the cooking water into a heatproof jug or mug and drain the pasta, but not too thoroughly.', 'Add the pasta to the pan with the clotted cream mixture, then sprinkle over the cheese and gently fold everything together over a low heat using a rubber spatula. When combined, splash in 3 tbsp of the cooking water. At first, the pasta will look wet and sloppy: keep stirring until the water is absorbed and the sauce is glossy. Check the seasoning before transferring to heated bowls. Sprinkle over some chives or parsley, then serve immediately.'",Fettucine alfredo,https://www.themealdb.com/images/media/meals/uquqtu1511178042.jpg
52796,"chicken,squash,mushroom","italian,alfredo,chicken alfredo primavera","butter,olive oil,chicken,salt,squash,broccoli,mushroom,red pepper,onion,garlic,red chilli flakes,white wine,milk,heavy cream,parmesan cheese cheese,bowtie pasta,salt,pepper,parsley","2,3,5,1,1,1,225,1,1,3,1/2,1/2,1/2,1/2,1,450","tablespoons,tablespoons,na,teaspoon,na,Head,g,na,na,cloves,teaspoon,cup,cup,cup,cup,g","na,na,boneless,na,cut into 1/2-inch cubes,Head chopped,sliced,na,chopped,na,na,na,na,na,grated,na","Heat 1 tablespoon of butter and 2 tablespoons of olive oil in a large skillet over medium-high heat. Season both sides of each chicken breast with seasoned salt and a pinch of pepper. Add the chicken to the skillet and cook for 5-7 minutes on each side, or until cooked through. While the chicken is cooking, bring a large pot of water to a boil. Season the boiling water with a few generous pinches of kosher salt. Add the pasta and give it a stir. Cook, stirring occasionally, until al dente, about 12 minutes. Reserve 1/2 cup of pasta water before draining the pasta. Remove the chicken from the pan and transfer it to a cutting board; allow it to rest. Turn the heat down to medium and dd the remaining 1 tablespoon of butter and olive oil to the same pan you used to cook the chicken. Add the veggies (minus the garlic) and red pepper flakes to the pan and stir to coat with the oil and butter (refrain from seasoning with salt until the veggies are finished browning). Cook, stirring often, until the veggies are tender, about 5 minutes. Add the garlic and a generous pinch of salt and pepper to the pan and cook for 1 minute. Deglaze the pan with the white wine. Continue to cook until the wine has reduced by half, about 3 minutes. Stir in the milk, heavy cream, and reserved pasta water. Bring the mixture to a gentle boil and allow to simmer and reduce for 2-3 minutes. Turn off the heat and add the Parmesan cheese and cooked pasta. Season with salt and pepper to taste. Garnish with Parmesan cheese and chopped parsley, if desired. '",Chicken Alfredo Primavera,https://www.themealdb.com/images/media/meals/syqypv1486981727.jpg
53014,"yeast,flour,mozzarella,cheese,tomato puree","italian,vegetarian,pizza,oven baked,margherita pizza","water,sugar,yeast,plain flour,salt,olive oil,passata,mozzarella,oregano,basil,black pepper","150,1,15,225,1 1/2,80,70,na,na,na,na,na,na,na,na,na","ml,tsp,g,g,tsp,g,g,na,na,na,na,na,na,na,na,na","na,na,na,na,na,na,na,na,na,na,na,na,na,na,na,na","Preheat the oven to 230Â°C.', 'Add the sugar and crumble the fresh yeast into warm water.', 'Allow the mixture to stand for 10 â€“ 15 minutes in a warm place (we find a windowsill on a sunny day works best) until froth develops on the surface.', 'Sift the flour and salt into a large mixing bowl, make a well in the middle and pour in the yeast mixture and olive oil.', 'Lightly flour your hands, and slowly mix the ingredients together until they bind.', 'dust your surface with flour.', 'Throw down the dough and begin kneading for 10 minutes until smooth, silky and soft.', 'Place in a lightly oiled, non-stick baking tray (we use a round one, but any shape will do!)', 'Spread the passata on top making sure you go to the edge.', 'Evenly place the mozzarella (or other cheese) on top, season with the oregano and black pepper, then drizzle with a little olive oil.', 'Cook in the oven for 10 â€“ 12 minutes until the cheese slightly colours.', 'When ready, place the basil leaf on top and tuck in!'",Pizza Express Margherita,https://www.themealdb.com/images/media/meals/x0lk931587671540.jpg
52770,"spaghetti,minced beef,tomatoes,onion","italian,spaghetti,spaghetti bolognese","onion,olive oil,garlic,minced beef,mushroom,dried oregano,tomatoes,beef stock,tomato puree,worcestershire sauce,spaghetti,parmesan cheese","2,1,1,500,90,1,400,300,1,1,350","na,tbsp,clove,g,g,tsp,g,ml,tbsp,tbsp,g","na,na,na,lean,na,na,na,hot,na,na,na","Put the onion and oil in a large pan and fry over a fairly high heat for 3-4 mins. Add the garlic and mince and fry until they both brown. Add the mushrooms and herbs, and cook for another couple of mins.', 'Stir in the tomatoes, beef stock, tomato ketchup or purÃ©e, Worcestershire sauce and seasoning. Bring to the boil, then reduce the heat, cover and simmer, stirring occasionally, for 30 mins.', 'Meanwhile, cook the spaghetti in a large pan of boiling, salted water, according to packet instructions. Drain well, run hot water through it, put it back in the pan and add a dash of olive oil, if you like, then stir in the meat sauce. Serve in hot bowls and hand round Parmesan cheese, for sprinkling on top.'",Spaghetti Bolognese,https://www.themealdb.com/images/media/meals/sutysw1468247559.jpg
52823,"rice,white wine,wine,prawns,salmon","pescatarian,italian,salmon prawn risotto,risotto","butter,onion,rice,white wine,vegetable stock,lemon,king prawns,salmon,asparagus,black pepper,parmesan cheese","50,1,150,125,1,240,150,100,50","g,na,g,ml,litre,g,g,g,g","na,finely chopped,na,na,hot,na,g,tips blanched briefly in boiling water,shavings","Melt the butter in a thick-based pan and gently cook the onion without colour until it is soft.', 'Add the rice and stir to coat all the grains in the butter', 'Add the wine and cook gently stirring until it is absorbed', 'Gradually add the hot stock, stirring until each addition is absorbed. Keep stirring until the rice is tender', 'Season with the lemon juice and zest, and pepper to taste. (there will probably be sufficient saltiness from the salmon to not need to add salt) Stir gently to heat through', 'Serve scattered with the Parmesan and seasonal vegetables.', 'Grill the salmon and gently place onto the risotto with the prawns and asparagus'",Salmon Prawn Risotto,https://www.themealdb.com/images/media/meals/xxrxux1503070723.jpg
52982,"spaghetti,bacon,egg,pecorino,cheese","italian,spaghetti,carbonara","spaghetti,egg yolks,salt,bacon,pecorino,black pepper","320,6,150,50,na,na,na,na,na,na,na,na,na,na,na,na,na,na","g,na,g,g,na,na,na,na,na,na,na,na,na,na,na,na,na,na","na,na,na,na,na,na,na,na,na,na,na,na,na,na,na,na,na,na","Per preparare gli spaghetti alla carbonara cominciate mettendo sul fuoco una pentola con lâ€™acqua salata per cuocere la pasta. Nel frattempo eliminate la cotenna dal guanciale e tagliatelo prima a fette e poi a striscioline spesse circa 1cm . La cotenna avanzata potrÃ  essere riutilizzata per insaporire altre preparazioni. Versate i pezzetti in una padella antiaderente e rosolate per circa 15 minuti a fiamma media, fate attenzione a non bruciarlo altrimenti rilascerÃ  un aroma troppo forte.', 'Nel frattempo tuffate gli spaghetti nellâ€™acqua bollente e cuoceteli per il tempo indicato sulla confezione. Intanto versate i tuorli in una ciotola, aggiungete anche la maggior parte del pecorino previsto dalla ricetta la parte restante servirÃ  per guarnire la pasta.', 'Insaporite con il pepe nero, amalgamate tutto con una frusta a mano. Aggiungete un cucchiaio di acqua di cottura per diluire il composto e mescolate.', 'Intanto il guanciale sarÃ  giunto a cottura, spegnete il fuoco e tenetelo da parte. Scolate la pasta al dente direttamente nel tegame con il guanciale e saltatela brevemente per insaporirla. Togliete dal fuoco e versate il composto di uova e pecorino nel tegame, saltate la pasta per amalgamare', 'e se dovesse risultare troppo asciutta potete aggiungere poca acqua di cottura. Servite subito gli spaghetti alla carbonara insaporendoli con il pecorino avanzato e il pepe nero macinato.'",Spaghetti alla Carbonara,https://www.themealdb.com/images/media/meals/llcbn01574260722.jpg
52771,"penne,tomatoes,garlic,chilli flakes","vegetarian,italian,spicy,spicy arrabiata penne","penne rigate,olive oil,garlic,chopped tomatoes,red chile flakes,italian seasoning,basil,parmigiano-reggiano","450,1/4,3,1,1/2,1/2,6","g,cup,cloves,tin,teaspoon,teaspoon,leaves","na,na,na,na,na,na,na","Bring a large pot of water to a boil. Add kosher salt to the boiling water, then add the pasta. Cook according to the package instructions, about 9 minutes.', 'In a large skillet over medium-high heat, add the olive oil and heat until the oil starts to shimmer. Add the garlic and cook, stirring, until fragrant, 1 to 2 minutes. Add the chopped tomatoes, red chile flakes, Italian seasoning and salt and pepper to taste. Bring to a boil and cook for 5 minutes. Remove from the heat and add the chopped basil.', 'Drain the pasta and add it to the sauce. Garnish with Parmigiano-Reggiano flakes and more basil and serve warm.'",Spicy Arrabiata Penne,https://www.themealdb.com/images/media/meals/ustsqw1468250014.jpg
52773,"salmon,soy sauce,sake","pescatarian,japanese,pan fry,teriyaki,honey teriyaki salmon,asian","salmon,olive oil,soy sauce,sake,sesame seed","450,1,2,2,4","g,tablespoon,tablespoons,tablespoons,tablespoons","na,na,na,na,na","Mix all the ingredients in the Honey Teriyaki Glaze together. Whisk to blend well. Combine the salmon and the Glaze together.', 'Heat up a skillet on medium-low heat. Add the oil, Pan-fry the salmon on both sides until itâ€™s completely cooked inside and the glaze thickens.', 'Garnish with sesame and serve immediately.'",Honey Teriyaki Salmon,https://www.themealdb.com/images/media/meals/xxyupu1468262513.jpg
53032,"pork,pork chops,flour,egg,breadcrumbs","japanese,frying,tonkatsu,breading,asian","pork chops,flour,egg,breadcrumbs,vegetable oil,tomato ketchup,worcestershire sauce,oyster sauce,caster sugar","4,100,2,100,2,2,1,2,na,na,na,na,na,na,na,na,na,na,na","na,g,na,g,tbs,tbs,tbs,tblsp,na,na,na,na,na,na,na,na,na,na,na","na,na,beaten,na,na,na,na,na,na,na,na,na,na,na,na,na,na,na,na","Remove the large piece of fat on the edge of each pork loin, then bash each of the loins between two pieces of baking parchment until around 1cm in thickness â€“ you can do this using a meat tenderiser or a rolling pin. Once bashed, use your hands to reshape the meat to its original shape and thickness â€“ this step will ensure the meat is as succulent as possible.', 'Put the flour, eggs and panko breadcrumbs into three separate wide-rimmed bowls. Season the meat, then dip first in the flour, followed by the eggs, then the breadcrumbs.', 'In a large frying or sauteÌ pan, add enough oil to come 2cm up the side of the pan. Heat the oil to 180C â€“ if you donâ€™t have a thermometer, drop a bit of panko into the oil and if it sinks a little then starts to fry, the oil is ready. Add two pork chops and cook for 1 min 30 secs on each side, then remove and leave to rest on a wire rack for 5 mins. Repeat with the remaining pork chops.', 'While the pork is resting, make the sauce by whisking the ingredients together, adding a splash of water if itâ€™s particularly thick. Slice the tonkatsu and serve drizzled with the sauce.'",Tonkatsu pork,https://www.themealdb.com/images/media/meals/lwsnkl1604181187.jpg
52831,"chicken,potato starch,ginger,soy sauce,sake","japanese,frying,chicken karaage","chicken thigh,ginger,garlic,soy sauce,sake,granulated sugar,potato starch,vegetable oil,lemon","450,1,1,2,1,2,1/3,1/3,1/3","grams,tablespoon,clove,tablespoons,tablespoon,teaspoon,cup,cup,cup","boneless skin,na,na,na,na,na,na,na,na","Add the ginger, garlic, soy sauce, sake and sugar to a bowl and whisk to combine. Add the chicken, then stir to coat evenly. Cover and refrigerate for at least 1 hour.', 'Add 1 inch of vegetable oil to a heavy bottomed pot and heat until the oil reaches 360 degrees F. Line a wire rack with 2 sheets of paper towels and get your tongs out. Put the potato starch in a bowl', 'Add a handful of chicken to the potato starch and toss to coat each piece evenly.', ""Fry the karaage in batches until the exterior is a medium brown and the chicken is cooked through. Transfer the fried chicken to the paper towel lined rack. If you want the karaage to stay crispy longer, you can fry the chicken a second time, until it's a darker color after it's cooled off once. Serve with lemon wedges.""",Chicken Karaage,https://www.themealdb.com/images/media/meals/tyywsw1505930373.jpg
52871,"udon,sesame oil,cabbage,spring onion","vegetarian,japanese,yaki udon,asian","udon,sesame seed oil,onion,cabbage,shiitake mushroom,spring onion,mirin,soy sauce,caster sugar,worcestershire sauce","250,2,1,0.25,10,4,4,2,1,1","g,tbs,na,na,na,na,tbsp,tbs,tblsp,tblsp","na,na,sliced,na,na,na,na,na,na,na","Boil some water in a large saucepan. Add 250ml cold water and the udon noodles. (As they are so thick, adding cold water helps them to cook a little bit slower so the middle cooks through). If using frozen or fresh noodles, cook for 2 mins or until al dente; dried will take longer, about 5-6 mins. Drain and leave in the colander.', 'Heat 1 tbsp of the oil, add the onion and cabbage and sautÃ© for 5 mins until softened. Add the mushrooms and some spring onions, and sautÃ© for 1 more min. Pour in the remaining sesame oil and the noodles. If using cold noodles, let them heat through before adding the ingredients for the sauce â€“ otherwise tip in straight away and keep stir-frying until sticky and piping hot. Sprinkle with the remaining spring onions.'",Yaki Udon,https://www.themealdb.com/images/media/meals/wrustq1511475474.jpg
52820,chicken breast,"japanese,curry,dairy free,frying,katsu chicken curry,asian","chicken breast,plain flour,egg,breadcrumbs,vegetable oil,sunflower oil,onion,garlic,carrot,plain flour,curry powder,chicken stock,honey,soy sauce,bay leaf,garam masala","4,2,1,100,230,2,2,5,2,2,4,600,2,4,1,1",",tablespoons,na,g ,ml,tablespoons,sliced,cloves,na,tablespoons,teaspoons,ml,teaspoons,teaspoons,na,teaspoon","pounded to 1 cm thickness,na,beaten,fine,na,na,sliced,chopped,sliced,na,na,na,na,na,na,na","For the curry sauce: Heat oil in medium non-stick saucepan, add onion and garlic and cook until softened. Stir in carrots and cook over low heat for 10 to 12 minutes.', 'Add flour and curry powder; cook for 1 minute. Gradually stir in stock until combined; add honey, soy sauce and bay leaf. Slowly bring to the boil.', 'Turn down heat and simmer for 20 minutes or until sauce thickens but is still of pouring consistency. Stir in garam masala. Pour the curry sauce through a sieve; return to saucepan and keep on low heat until ready to serve.', 'For the chicken: Season both sides of chicken breasts with salt and pepper. Place flour, egg and breadcrumbs in separate bowls and arrange in a row. Coat the chicken breasts in flour, then dip them into the egg, then coat in breadcrumbs, making sure you cover both sides.', 'Heat oil in large frying pan over medium-high heat. Place chicken into hot oil and cook until golden brown, about 3 or 4 minutes each side. Once cooked, place on kitchen paper to absorb excess oil.', 'Pour curry sauce over chicken, serve with white rice and enjoy!'",Katsu Chicken curry,https://www.themealdb.com/images/media/meals/vwrpps1503068729.jpg
52785,"toor dal,dal,turmeric,ghee,tomatoes,cumin seeds,mustard seeds","vegan,vegetarian,indian,curry,dal,dhal,dal fry","toor dal,water,salt,turmeric,ghee,chopped tomatoes,cumin seeds,mustard seeds,bay leaf,green chilli,ginger,cilantro,red pepper,salt,sugar,garam masala","1,2-1/2,1,1/4,3,1,1/2,1/2,2,1,2,2,1/2,1/2,1,1/4","cup,cups,tsp,tsp,tbs,cup,tsp,tsp,na,tbs,tsp,tbs,tsp,tsp,tsp,tsp",",na,na,na,na,na,na,na,na,chopped,shredded,na,na,na,na,na","Wash and soak toor dal in approx. 3 cups of water, for at least one hours. Dal will be double in volume after soaking. Drain the water.', 'Cook dal with 2-1/2 cups water and add salt, turmeric, on medium high heat, until soft in texture (approximately 30 mins) it should be like thick soup.', 'In a frying pan, heat the ghee. Add cumin seeds, and mustard seeds. After the seeds crack, add bay leaves, green chilli, ginger and chilli powder. Stir for a few seconds.', 'Add tomatoes, salt and sugar stir and cook until tomatoes are tender and mushy.', 'Add cilantro and garam masala cook for about one minute.', 'Pour the seasoning over dal mix it well and cook for another minute.', 'Serve with Naan.'",Dal fry,https://www.themealdb.com/images/media/meals/wuxrtu1483564410.jpg
52806,"chicken,lemon,paprika,red onion,spices","indian,spicy,tandoori,tandoori chicken","lemon,paprika,red onion,chicken thigh,vegetable oil,greek yogurt,ginger,garlic cloves,garam masala,ground cumin,chilli powder,turmeric","2,4,2,16,300,4","na,tsp,na,na,ml,na","juiced,na,finely chopped,skinnless,na,na","Mix the lemon juice with the paprika and red onions in a large shallow dish. Slash each chicken thigh three times, then turn them in the juice and set aside for 10 mins.', 'Mix all of the marinade ingredients together and pour over the chicken. Give everything a good mix, then cover and chill for at least 1 hr. This can be done up to a day in advance.', 'Heat the grill. Lift the chicken pieces onto a rack over a baking tray. Brush over a little oil and grill for 8 mins on each side or until lightly charred and completely cooked through.'",Tandoori chicken,https://www.themealdb.com/images/media/meals/qptpvt1487339892.jpg
52868,"tomatoes,kidney beans,ginger,coriander,spices","vegan,vegetarian,indian,curry","vegetable oil,onion,garlic,ginger,coriander,cumin,paprika,garam masala,chopped tomatoes,kidney beans,basmati rice","1,1,2,1,1,1,1,2,400,400","tbls,na,cloves,inch,Packet,tsp,tsp,tsp,g,g","na,finely chopped,chopped,chopped,na,na,na,na,na,na","Heat the oil in a large frying pan over a low-medium heat. Add the onion and a pinch of salt and cook slowly, stirring occasionally, until softened and just starting to colour. Add the garlic, ginger and coriander stalks and cook for a further 2 mins, until fragrant.', 'Add the spices to the pan and cook for another 1 min, by which point everything should smell aromatic. Tip in the chopped tomatoes and kidney beans in their water, then bring to the boil.', 'Turn down the heat and simmer for 15 mins until the curry is nice and thick. Season to taste, then serve with the basmati rice and the coriander leaves.'",Kidney Bean Curry,https://www.themealdb.com/images/media/meals/sywrsu1511463066.jpg
52865,"paneer,tomatoes,ginger,turmeric,coriander,chilli,spices","vegetarian,indian,curry,matar paneer","sunflower oil,paneer,ginger,cumin,turmeric,coriander,green chilli,tomato,peas,garam masala,coriander,naan bread","1,225,2,1,1,1,1,4,150,1","tbls,g,na,tsp,tsp,tsp,na,large,g,tsp","na,na,na,na,na,na,na,na,na,na","Heat the oil in a frying pan over high heat until itâ€™s shimmering hot. Add the paneer, then turn the heat down a little. Fry until it starts to brown at the edges, then turn it over and brown on each side â€“ the paneer will brown faster than you think, so donâ€™t walk away. Remove the paneer from the pan and drain on kitchen paper.', 'Put the ginger, cumin, turmeric, ground coriander and chilli in the pan, and fry everything for 1 min. Add the tomatoes, mashing them with the back of a spoon and simmer everything for 5 mins until the sauce smells fragrant. Add a splash of water if itâ€™s too thick. Season well. Add the peas and simmer for a further 2 mins, then stir in the paneer and sprinkle over the garam masala. Divide between two bowls, top with coriander leaves and serve with naan bread, roti or rice.'",Matar Paneer,https://www.themealdb.com/images/media/meals/xxpqsy1511452222.jpg
52808,"lamb,onion,tomato puree,greek yogurt,madras paste,spices","indian,lamb roganjosh,spicy,curry","onion,sunflower oil,garlic,ginger,madras paste,paprika,cinnamon stick,cardamom,cloves,bay leaf,tomato purã©e,lamb,greek yogurt,coriander","2,4,4,2,2,1,6,4,2,1,1,150","na,tbsp,cloves,tbsp,tsp,na,na,na,na,tbsp,kg,ml","quartered,na,na,na,na,na,bashed to break shells,na,na,na,cubed,na","Put the onions in a food processor and whizz until very finely chopped. Heat the oil in a large heavy-based pan, then fry the onion with the lid on, stirring every now and then, until it is really golden and soft. Add the garlic and ginger, then fry for 5 mins more.', 'Tip the curry paste, all the spices and the bay leaves into the pan, with the tomato purÃ©e. Stir well over the heat for about 30 secs, then add the meat and 300ml water. Stir to mix, turn down the heat, then add the yogurt.', 'Cover the pan, then gently simmer for 40-60 mins until the meat is tender and the sauce nice and thick. Serve scattered with coriander, with plain basmati or pilau rice.'",Lamb Rogan josh,https://www.themealdb.com/images/media/meals/vvstvq1487342592.jpg
52774,"rice noodles,noodles,chicken,egg,chinese broccoli,soy sauce","thai,asian,wok,stir fry,pad see ew","rice stick noodles,dark soy sauce,oyster sauce,soy sauce,white vinegar,sugar,water,peanut oil,garlic,chicken,egg,chinese broccoli","6oz/180,2,2,2,2,2,2,2,2,1,1,4","g,tbsp,tbsp,tsp,tsp,tsp,tbsp,tbsp,cloves,cup,na,cups","na,na,na,na,na,na,na,na,na,na,na,na","Mix Sauce in small bowl.', 'Mince garlic into wok with oil. Place over high heat, when hot, add chicken and Chinese broccoli stems, cook until chicken is light golden.', ""Push to the side of the wok, crack egg in and scramble. Don't worry if it sticks to the bottom of the wok - it will char and which adds authentic flavour."", 'Add noodles, Chinese broccoli leaves and sauce. Gently mix together until the noodles are stained dark and leaves are wilted. Serve immediately!'",Pad See Ew,https://www.themealdb.com/images/media/meals/uuuspp1468263334.jpg
52814,"chicken,potatoes,curry paste,green beans","thai,asian,curry,thai green curry","potatoes,green beans,sunflower oil,garlic,thai green curry paste,coconut milk,thai fish sauce,sugar,chicken,kaffir lime leaves,basil,rice","225,100,1,1,4,400,2,1,450,2","g ,g,tbsp,clove,tsp,ml,tsp,tsp,g,na","g,na,na,na,na,na,na,na,boneless,na","Put the potatoes in a pan of boiling water and cook for 5 minutes. Throw in the beans and cook for a further 3 minutes, by which time both should be just tender but not too soft. Drain and put to one side.', 'In a wok or large frying pan, heat the oil until very hot, then drop in the garlic and cook until golden, this should take only a few seconds. Donâ€™t let it go very dark or it will spoil the taste. Spoon in the curry paste and stir it around for a few seconds to begin to cook the spices and release all the flavours. Next, pour in the coconut milk and let it come to a bubble.', 'Stir in the fish sauce and sugar, then the pieces of chicken. Turn the heat down to a simmer and cook, covered, for about 8 minutes until the chicken is cooked.', 'Tip in the potatoes and beans and let them warm through in the hot coconut milk, then add a lovely citrussy flavour by stirring in the shredded lime leaves (or lime zest). The basil leaves go in next, but only leave them briefly on the heat or they will quickly lose their brightness. Scatter with the lime garnish and serve immediately with boiled rice.'",Thai Green Curry,https://www.themealdb.com/images/media/meals/sstssx1487349585.jpg
52827,"beef,potatoes,peanuts,curry paste,coconut cream","thai,asian,curry,massaman beef curry,spicy,spices,nuts,peanuts","peanuts,coconut cream,massaman curry paste,beef,potatoes,onion,kaffir lime leaves,cinnamon stick,tamarind paste,brown sugar,fish sauce,red chilli,jasmine rice","85,400,4,600,450,1,4,1,1,1,1,1","g,ml can,tbsp,g stewing cut into strips,g waxy,cut thin wedges,na,na,tbsp,tbsp palm or soft light,tbsp,red deseeded and finely sliced,to serve","na,na,na,cut into strips,na,cut thin wedges,na,na,na,na,na,deseeded and finely sliced,to serve","Heat oven to 200C/180C fan/gas 6, then roast the peanuts on a baking tray for 5 mins until golden brown. When cool enough to handle, roughly chop. Reduce oven to 180C/160C fan/gas 4.', 'Heat 2 tbsp coconut cream in a large casserole dish with a lid. Add the curry paste and fry for 1 min, then stir in the beef and fry until well coated and sealed. Stir in the rest of the coconut with half a can of water, the potatoes, onion, lime leaves, cinnamon, tamarind, sugar, fish sauce and most of the peanuts. Bring to a simmer, then cover and cook for 2 hrs in the oven until the beef is tender.', 'Sprinkle with sliced chilli and the remaining peanuts, then serve straight from the dish with jasmine rice.'",Massaman Beef curry,https://www.themealdb.com/images/media/meals/tvttqv1504640475.jpg
52945,"chicken,water chestnut,sake,peanuts","chinese,asian,nuts,kung pao chicken,nuts,peanuts","sake,soy sauce,sesame seed oil,corn flour,water,chicken,chilli powder,rice vinegar,brown sugar,spring onion,garlic,water chestnut,peanuts","2,2,2,2,2,500,1,1,1,4,6,220,100","tbsp,tbsp,tbsp,tbsp,tbsp,g,tbsp,tsp,tbsp,na,cloves,g,g","na,na,na,na,na,na,na,na,na,chopped,na,na,na","Combine the sake or rice wine, soy sauce, sesame oil, and cornflour dissolved in water. Divide the mixture in half.', 'In a glass dish or bowl, combine half of the sake mixture with the chicken pieces and toss to coat. Cover dish and place in refrigerator for about 30 minutes.', 'In a medium frying pan, combine remaining sake mixture, chilli powder, vinegar and sugar. Mix together and add the spring onions, garlic, water chestnuts and peanuts. Heat sauce slowly over medium heat until aromatic.', 'Meanwhile, remove chicken from the marinade and sautÃ© in a large frying pan until juices run clear.', 'When sauce is aromatic, add sautÃ©ed chicken and let simmer together until sauce thickens.'",Kung Pao Chicken,https://www.themealdb.com/images/media/meals/1525872624.jpg
52948,"pork,wonton skin,celery,spring onion,carrot","chinese,asian,dumplings,wonton,main dish","pork,garlic,ginger,soy sauce,sesame seed oil,carrot,celery,spring onion,wonton skin,oil,water","450,3,1,1,1,3,3,6,1,na,na","g,cloves,tsp,tbs,tsp,na,na,na,packet,na,na","na,chopped,na,na,na,finely chopped,finely chopped,chopped,na,na,na","Combine the pork, garlic, ginger, soy sauce, sesame oil, and vegetables in a bowl.', 'Separate the wonton skins.', 'Place a heaping teaspoon of the filling in the centre of the wonton.', 'Brush water on two borders of the skin, covering about 2/3 millimetres from the edge.', 'Fold skin over to form a triangle, sealing the edges.', 'Pinch the two long outside points together.', 'Heat oil to 230 degrees Celsius and fry 4 to 5 wontons at a time until golden.', 'Drain and serve with sauce.'",Wontons,https://www.themealdb.com/images/media/meals/1525876468.jpg
52955,"chicken stock,mushroom,egg,peas","chinese,asian,soup,egg drop soup","chicken stock,salt,sugar,white pepper,sesame seed oil,peas,mushroom,cornstarch,water,egg,spring onion","3,1/4,1/4,na,1,1/3,1/3,1,2,1,1/4","cups,tsp,tsp,a pinch of,tsp,cup,cup,tbsp,tbsp,na,cup","na,na,na,na,na,na,na,na,na,na,na","In a wok, add the chicken broth and wait for it to boil.', 'Next, add the salt, sugar, white pepper, and sesame seed oil to the wok.', 'When the chicken broth is boiling, add the vegetables to the wok.', 'To thicken the sauce, whisk together 1 tablespoon of cornstarch and 2 tablespoons of water in a separate bowl. Slowly add the mixture to your soup until it's the right thickness.', 'Next, slightly beat 1 egg with a knife or fork. Add it to the soup slowly and stir for 8 seconds.', 'Serve the soup in a bowl and add the green onions on top.'",Egg Drop Soup,https://www.themealdb.com/images/media/meals/1529446137.jpg
52949,"pork,tomato puree,soy sauce","chinese,asian,sweet and sour,sweet and sour pork","pork,egg,water,salt,sugar,soy sauce,starch,tomato puree,vinegar,coriander","200,1,na,1/2,1,10,10,30,10,na","g,na,a dash of,tsp,tsp,g,g,g,g,a dash of","na,na,na,na,na,na,na,na,na,na","Crack the egg into a bowl. Separate the egg white and yolk.', 'Slice the pork tenderloin into strips.', 'Prepare the marinade using a pinch of salt, one teaspoon of starch, two teaspoons of light soy sauce, and an egg white.', 'Marinade the pork strips for about 20 minutes.', 'Put the remaining starch in a bowl. Add some water and vinegar to make a starchy sauce.', 'Next, pour the cooking oil into a wok and heat to 190Â°C (375Â°F). Add the marinated pork strips and fry them until they turn brown. Remove the cooked pork from the wok and place on a plate.', 'Leave some oil in the wok. Put the tomato sauce or purÃ©e and white sugar into the wok, and heat until the oil and sauce are fully combined.', 'Add some water to the wok and thoroughly heat the sweet and sour sauce before adding the pork strips to it.', 'Pour in the starchy sauce. Stir-fry all the ingredients until the pork and sauce are thoroughly mixed together.', 'Serve on a plate and add some coriander for decoration.'",Sweet and Sour Pork,https://www.themealdb.com/images/media/meals/1529442316.jpg
52956,"chicken,rice,ginger,ginger juice","chinese,asian,soup,chicken congee,congee,main dish","chicken,salt,white pepper,ginger cordial,ginger,spring onion,rice,water,coriander","230,na,na,1,1,1,1/2,8,60","g,a pinch of,a pinch of,tsp,tsp,tbs,cup,cups,g","na,na,na,na,na,na,na,na,na","In a bowl, add the chicken, salt, white pepper, and ginger cordial or juice. Mix it together well.', 'Set the chicken aside.', 'Rinse the rice in a metal bowl or pot a couple of times and then drain the water.', 'Next, add 8 cups of water to the bowl or pot with the rice and then set the stove on high heat until it is boiling. Once the rice porridge starts to boil, set the stove on low heat and then stir it once every 8-10 minutes for around 20-25 minutes.', 'This is an optional step. After 25 minutes, a little bit more water can be added to the rice porridge to make it less thick or to your preference.', 'Next, add the marinated chicken to the rice porridge and leave the stove on low heat for another 10 minutes.', 'After the 10 minutes, add the spring onions, sliced ginger, a pinch of salt, and a pinch of white pepper and stir for 10 seconds.', 'Serve the rice porridge in a bowl.', 'This is another optional step. Add Coriander on top of the rice porridge.'",Chicken Congee,https://www.themealdb.com/images/media/meals/1529446352.jpg
52830,"chicken,refried beans,taco shells,cheese","mexican,taco,chicken baked tacos","chicken breast,vinaigrette dressing,cumin,smoked paprika,garlic,refried beans,hard taco shells,shredded mexican cheese,grape tomatoes,jalapeno,avocado,green salsa,sour cream,milk","4 - 6,1,1.5,1,1,1,12,2,na,1,1,2,3,1","na,bottle,tbsp,tbsp,tsp,can,na,cups,na,na,na,tbsp,tbsp,tbsp","na,na,na,na,na,na,na,na,halved,sliced and seeded,peeled and sliced,na,na,na","Put the uncooked chicken breasts in the crock pot. Pour the full bottle of salad dressing over the chicken. Sprinkle the rest of the ingredients over the top and mix them in with a spoon.', 'Cover your crock pot with the lid and cook on high for 4 hours.', 'Remove all the chicken breasts from the crock pot and let them cool.', 'Shred the chicken breasts and move to a glass bowl.', 'Pour most of the liquid over the shredded chicken.', 'Make the guacamole sauce by mixing the avocado and green salsa together. Pour the guacamole mixture through a strainer until smooth and then transfer to a squeeze bottle. If needed, cut the tip of the lid of the squeeze bottle to make the opening wider.', 'Make the sour cream sauce by mixing the sour cream and milk together until you get a more liquid sour cream sauce. Transfer to a squeeze bottle.', 'In a 9 x 13 glass baking dish, fill all 12+ tacos with a layer of refried beans, cooked chicken and shredded cheese.', 'Bake at 230 Celsius for 10-15 minutes, just until the cheese is melted and bubbling.', 'Once out of the oven, top all of the tacos with sliced grape tomatoes, jalapeno and cilantro.', 'Finish the tacos with a drizzle of the guacamole and sour cream sauces.'",Crock Pot Chicken Baked Tacos,https://www.themealdb.com/images/media/meals/ypxvwv1505333929.jpg
52870,"chickpeas,tortilla,avocado,paprika,tomatoes,red onion,red wine vinegar","vegetarian,mexican,fajitas,pickling,chickpea fajitas","chickpeas,olive oil,paprika,tomatoes,red onion,red wine vinegar,avocado,lime,lime,sour cream,harissa spice,corn tortilla,coriander","400,1,na,2,1,2,1,1,1,100,2,4,na","g,tbsp,a pinch of,na,na,tsp,na,na,na,g,tsp,na,na","na,na,na,small cut chunks,finely sliced,na,na,juice of,chopped,na,na,na,na","Heat oven to 200C/180C fan/gas 6 and line a baking tray with foil.', 'Drain the chickpeas, pat dry and tip onto the prepared baking tray.', 'Add the oil and paprika, toss to coat, then roast for 20-25 mins until browned and crisp, shaking halfway through cooking.', 'Meanwhile, put the tomatoes and onion in a small bowl with the vinegar and set aside to pickle.', 'Put the avocado in another bowl and mash with a fork, leaving some larger chunks. Stir in the lime juice and season well.', 'Mix the sour cream with the harissa spice and set aside until ready to serve.', 'Heat a griddle pan until nearly smoking. Add the tortillas, one at a time, charring each side until hot with griddle lines.', 'Put everything on the table and build the fajitas: spread a little of the harissa cream over the tortilla, top with roasted chickpeas, guacamole, pickled salsa and coriander, if you'd like. Serve with the lime wedges for squeezing over.'",Chickpea Fajitas,https://www.themealdb.com/images/media/meals/tvtxpq1511464705.jpg
52765,"enchilada sauce,chicken,cheese,tortilla","mexican,casserole,chicken enchilada casserole","enchilada sauce,monterey jack cheese,corn tortilla,chicken breast","400,3,6,2","g jar,cups,na,na","na,shredded,na,na","Cut each chicken breast into about 3 pieces, so that it cooks faster, and put into a small pot.', 'Pour enchilada sauce over the chicken pieces and cook with the lid covered and on low to medium heat until chicken is cooked through. This should take about 20 minutes. No water is needed - the chicken will cook in the enchilada sauce. Make sure to stir occasionally so that the chicken doesn't stick to the bottom.', 'Remove chicken from the pot and shred with two forks.', 'Preheat oven to 190 Celsius degrees.', 'Start layering the casserole. Start with about 1/4 cup of the leftover enchilada sauce over the bottom of a baking dish. Place 2 corn tortillas on the bottom, top with 1/3 of the chicken and 1/3 of the remaining sauce. Sprinkle with 1/3 of the cheese. Then, repeat starting with 2 more tortillas, then chicken, sauce, cheese. Repeat with last layer with the remaining ingredients, tortillas, chicken, sauce and cheese.', 'Bake for 20 to 30 minutes uncovered, until bubbly and cheese has melted and started to brown on top.', 'Serve warm.'",Chicken Enchilada Casserole,https://www.themealdb.com/images/media/meals/qtuwxu1468233098.jpg
52819,"white fish,fish fillets,tortilla,cajun,cayenne pepper,avocado,salsa","pescatarian,mexican,spicy,tacos,fish taco","cajun,cayenne pepper,white fish,vegetable oil,flour tortilla,avocado,little gem lettuce,spring onion,salsa,sour cream,lemon,garlic","2,1,4,1,8,1,2,4,300,1,1,1","tbsp,tsp,na,tsp,na,na,na,na,ml jar,pot,na,clove","na,na,fillets,na,na,sliced,shredded,shredded,na,na,na,finely chopped","On a large plate, mix the cajun spice and cayenne pepper with a little seasoning. Use this to coat the fish all over.', 'Heat a little vegetable oil in a frying pan. Add in the fish and cook over a medium heat until golden. Reduce the heat and continue frying until the fish is cooked through, about 10 minutes. Cook in batches if you donâ€™t have enough room in the pan.', 'Meanwhile, prepare the dressing by combining all the ingredients with a little seasoning.', 'Soften the tortillas by heating them in the microwave for 5-10 seconds. Pile high with the avocado, lettuce and spring onion. Add a spoonful of the salsa, top with large flakes of fish and drizzle over the dressing.'",Cajun Spiced Fish Tacos,https://www.themealdb.com/images/media/meals/uvuyxu1503067369.jpg
52826,"beef,chorizo,plum tomatoes,onion","braised beef chilli,spices,spicy,mexican,braising","beef,onion,garlic,olive oil,chorizo,cumin,allspice,clovess,cinnamon stick,bay leaf,dried oregano,ancho chillies,balsamic vinegar,plum tomatoes,tomato ketchup,dark brown sugar,borlotti beans","1,3,4,na,300,2,2,1,1,3,2,2,3,2 x 400,2,2,2 x 400","kg,na,cloves,a dash of,g,tsp,tsp,tsp,large,na,tsp,na,tbsp,g,tbsp,tbsp,g tins","na,na,na,na,na,na,na,na,na,na,na,na,na,na,na,na,na","Preheat the oven to 120C/225F/gas mark 1.', 'Take the meat out of the fridge to de-chill.', 'Pulse the onions and garlic in a food processor until finely chopped.', 'Heat 2 tablespoons of olive oil in a large casserole and sear the meat on all sides until golden.', 'Set to one side and add another small slug of oil to brown the chorizo. Remove and add the onion and garlic, spices, herbs and chillies. Cook until soft in the chorizo oil. Season with salt and pepper and add the vinegar, tomatoes, ketchup and brown sugar.', 'Put all the meat back into the pot with 400ml water (or red wine, if you prefer), bring up to a simmer and cook, covered, in the low oven.', 'After 2 hours, check the meat and add the beans. Cook for a further hour and, just before serving, pull the meat apart with a pair of forks.'",Braised Beef Chilli,https://www.themealdb.com/images/media/meals/uuqvwu1504629254.jpg
52813,"chicken,egg,flour,brown sugar,spices","american,frying,breading,spices,spicy,dairy-free","chicken,neutral oil,egg white,flour,brown sugar,salt,paprika,onion salt,chilli powder,black pepper,celery salt,sage,garlic powder,allspice,oregano,basil,marjoram","1,8,1,1 1/2,1,1,1,2,1,1,1/2,1/2,1/2,1/2,1/2,1/2,1/2","whole,cups,na,cups,tablespoon,tablespoon,tablespoon,teaspoons,teaspoon,teaspoon,teaspoon,teaspoon,teaspoon,teaspoon,teaspoon,teaspoon,teaspoon","na,na,na,na,na,na,na,na,na,na,na,na,na,na,na,na,na","Preheat fryer to 350Â°F (or 177Â°C). Thoroughly mix together all of the spice mix ingredients.', 'Combine spice mix with flour, brown sugar and salt.', 'Dip chicken pieces in egg white to lightly coat them, then transfer chicken pieces to flour mixture. Turn a few times and make sure the flour mix is really stuck to the chicken. Repeat with all the chicken pieces.', 'Let the chicken pieces rest for 5 minutes, so that the crust has a chance to dry a bit.', 'Fry the chicken pieces in batches. Breasts and wings should take 12-14 minutes, and legs and thighs will need a few more minutes. Chicken pieces are done when a meat thermometer inserted into the thickest part reads 165Â°F (or 74Â°C).', 'Let chicken drain on a few paper towels when it comes out of the fryer. Serve hot.'",Kentucky Fried Chicken,https://www.themealdb.com/images/media/meals/xqusqy1487348868.jpg
52829,"macaroni,bread,cheese,milk,heavy cream","american,dairy,macaroni,sandwich,vegetarian","macaroni,plain flour,mustard powder,garlic powder,kosher salt,black pepper,cayenne pepper,butter,whole milk,heavy cream,monterey jack cheese,butter,garlic powder,square bread,mild cheddar cheese,colby jack cheese,butter","230,1/3,3/4,1/2,1/2,1/2,1/8,6,1 1/2,1,455,4,1,16,8,8,4","grams,cup,teaspoon,teaspoon,teaspoon,teaspoon,teaspoon,tablespoons,cups,cup,grams,tablespoons,teaspoon,slices,slices,slices,tablespoons","na,na,na,na,na,na,na,na,na,na,na,na,na,na,na,na,na","Bring a medium saucepan of generously salted water (it should taste like seawater) to a boil. Add the pasta and cook it, stirring occasionally, until al dente, 8 to 10 minutes, or according to the package directions. The pasta should be tender but still chewy.', 'While the pasta is cooking, whisk together the flour, mustard powder, garlic powder, salt, black pepper, and cayenne pepper in a separate small bowl.', 'Drain the pasta in a colander. Place the empty pasta pan (no need to wash it) over low heat and add the butter. When the butter has melted, whisk in the flour mixture and continue to cook, whisking frequently, until the mixture begins to brown and has a pleasant, nutty aroma. This should take about 1 minute. Watch carefully so it does not scorch on the bottom of the pan.', 'Slowly whisk the milk and cream into the flour mixture until everything is well combined. Cook, whisking constantly, until the sauce is heated through and just begins to thicken. This should take about 2 minutes.', 'Remove the pan from the heat. Gradually add the cheese while stirring constantly with a wooden spoon or silicone spatula and keep stirring until the cheese has melted into the sauce. Then stir in the drained cooked pasta.', 'Line a 9-by-13-inch (23-by-33-centimeter) rimmed baking sheet with parchment paper or aluminum foil. Coat the paper or foil with nonstick cooking spray or slick it with butter. Pour the warm mac and cheese onto the prepared baking sheet and spread it evenly with a spatula. Coat another piece of parchment paper with cooking spray or butter and place it, oiled or buttered side down, directly on the surface of the mac and cheese. Refrigerate until cool and firm, about 1 hour.', 'Heat a large cast-iron or nonstick skillet over medium-low heat.', 'In a small bowl, stir together the 4 tablespoons (55 grams) butter and garlic powder until well blended.', 'Remove the mac and cheese from the refrigerator and peel off the top layer of parchment paper. Carefully cut into 8 equal pieces. Each piece will make 1 grilled mac and cheese sandwich. (You can stash each individual portion in a double layer of resealable plastic bags and refrigerate for up to 3 days or freeze it for up to 1 month).', 'Spread 3/4 teaspoon garlic butter on one side of each bread slice. Place half of the slices, buttered-side down, on a clean cutting board. Top each with one slice of Cheddar, then 1 piece of the mac and cheese. (Transfer from the baking sheet by scooting your hand or a spatula under each piece of mac and cheese and then flipping it over onto a sandwich). Place 1 slice of Jack on top of each. Finish with the remaining bread slices, buttered-side up.', 'Using a wide spatula, place as many sandwiches in the pan as will fit without crowding it. Cover and cook until the bottoms are nicely browned, about 4 minutes. Turn and cook until the second sides are browned, the cheese is melted, and the mac and cheese is heated through, about 4 minutes more.', 'Repeat with the remaining ingredients. Cut the sandwiches in half, if desired, and serve.'",Grilled Mac and Cheese Sandwich,https://www.themealdb.com/images/media/meals/xutquv1505330523.jpg
53013,"minced beef,burger buns,lettuce,cheese,onion","american,burgers,big mac","minced beef,olive oil,sesame seed burger buns,onion,iceberg lettuce,cheese,dill pickles,mayonnaise,white wine vinegar,pepper,mustard,onion salt,garlic powder,paprika","400,2,2,1,1/4,2,2,1,2,na,2,1 1/2,1 1/2,1/2","g,tbs,na,na,na,na,large,cup,tsp,a pinch of,tsp,tsp,tsp,tsp","na,na,na,chopped,na,sliced,na,na,na,na,na,na,na,na","For the Big Mac sauce, combine all the ingredients in a bowl and season with salt. Chill the sauce until ready to use.', 'To make the patties, season the mince with salt and pepper and form into 4 balls using about 1/3 cup mince each.', 'Place each onto a square of baking paper and flatten to form into four x 15cm circles.', 'Heat oil in a large frypan over high heat. In 2 batches, cook beef patties for 1-2 minutes each side until lightly charred and cooked through. Remove from heat and keep warm. Repeat with remaining two patties.', 'Carefully slice each burger bun into three acrossways, then lightly toast.', 'To assemble the burgers, spread a little Big Mac sauce over the bottom base. Top with some chopped onion, shredded lettuce, slice of cheese, beef patty and some pickle slices. Top with the middle bun layer, and spread with more Big Mac sauce, onion, lettuce, pickles, beef patty and then finish with more sauce. Top with burger lid to serve.'",Big Mac,https://www.themealdb.com/images/media/meals/urzj1d1587670726.jpg
52854,"flour,egg,milk","breakfast,sweet,dessert,american,dairy,pancakes","flour,egg,milk,sunflower oil,salt,sugar,raspberries,blueberries","100,2,300,1,na,na,na,na","g,large,ml,tbsp,a pinch of,na,na,na","na,na,na,na,to serve,to serve,to serve","Put the flour, eggs, milk, 1 tbsp of oil and a pinch of salt into a bowl or large jug, then whisk to a smooth batter. Set aside for 30 mins to rest if you have the time, or start cooking the pancakes straight away.', 'Set a medium frying pan or crÃªpe pan over a medium heat and carefully wipe it with some oiled kitchen paper.', 'When hot, cook your pancakes for 1 min on each side until golden, keeping them warm in a low oven as you go.', 'Serve with lemon wedges and sugar, or your favourite filling. Once cold, you can layer the pancakes between baking parchment, then wrap in cling film and freeze for up to 2 months.'",Pancakes,https://www.themealdb.com/images/media/meals/rwuyqx1511383174.jpg
52993,"chicken,potatoes,broccoli","american,oven baked,baking,oven,honey balsamic chicken","potatoes,broccoli,garlic,chicken breast,balsamic vinegar,honey,chicken stock,butter,vegetable oil,olive oil","5,1,2,2,na,na,na,1,1,1","na,na,cloves,na,na,na,na,tbsp,tbsp,tbsp","na,na,na,na,na,na,na,na,na,na","2 Servings.', 'Preheat oven to 425 degrees Fahrenheit (or 220 degrees Celsius).', 'Wash and dry all produce.', 'Cut potatoes into 1/2-inch-thick wedges. Toss on one side of a baking sheet with a drizzle of oil, salt, and pepper. (For 4 servings, spread potatoes out across entire sheet.) Roast on top rack for 5 minutes.', 'Meanwhile, cut broccoli florets into bite-size pieces, if necessary.', 'Peel and finely chop the garlic. In a small microwave-safe bowl, combine 1 TBSP olive oil (2 TBSP for 4 servings) and half the garlic. Microwave until garlic sizzles, 30 seconds.', 'Once the potatoes have roasted for 5 minutes, remove baking sheet from the oven and add broccoli to empty side; carefully toss with garlic oil, salt, and pepper. (For 4 servings, add broccoli to a second sheet.) Continue roasting until potatoes and broccoli are browned and crispy, 15-20 minutes more.', 'While the vegetables roast, pat the chicken dry with paper towels; season all over with salt and pepper.', 'Heat a drizzle of oil in a large pan over medium-high heat. Add the chicken and cook until browned and cooked through. This should take about 5-6 minutes per side. (If chicken browns too quickly, reduce heat to medium.) Turn off heat; set chicken aside to rest. Wash out pan.', 'Heat the same pan used for the chicken over medium-high heat. Add a drizzle of oil and the remaining garlic; cook until fragrant, 30 seconds. Stir in vinegar, honey, stock concentrate, and 1/4 cup water (1/3 cup for 4 servings). Simmer until thick and glossy, 2-3 minutes. Remove from heat and stir in 1 TBSP butter (2 TBSP for 4). Season with salt and pepper. ', 'Return chicken to pan and turn to coat in glaze. Divide chicken, broccoli, and potatoes between plates. Spoon any remaining glaze over chicken and serve.'",Honey Balsamic Chicken with Crispy Broccoli & Potatoes,https://www.themealdb.com/images/media/meals/kvbotn1581012881.jpg
52903,"onion,beef stock,white wine,bread","french,soup,vegetarian","butter,olive oil,onion,sugar,garlic,plain flour,dry white wine,beef stock,bread,gruyã¨re","50,1,1,1,4,2,250,1,4,140","g,tbs,kg,tsp,cloves,tbs,ml,l,na,g","na,na,na,na,sliced,na,na,na,sliced,na","Melt the butter with the oil in a large heavy-based pan. Add the onions and fry with the lid on for 10 mins until soft. Sprinkle in the sugar and cook for 20 mins more, stirring frequently, until caramelised. The onions should be really golden, full of flavour and soft when pinched between your fingers. Take care towards the end to ensure that they donâ€™t burn.', 'Add the garlic for the final few minutes of the onionsâ€™ cooking time, then sprinkle in the flour and stir well. Increase the heat and keep stirring as you gradually add the wine, followed by the hot stock. Cover and simmer for 15-20 mins.', 'To serve, turn on the grill, and toast the bread. Ladle the soup into heatproof bowls. Put a slice or two of toast on top of the bowls of soup, and pile on the cheese. Grill until melted. Alternatively, you can complete the toasts under the grill, then serve them on top.'",French Onion Soup,https://www.themealdb.com/images/media/meals/xvrrux1511783685.jpg
52908,"eggplant,eggplant,zucchini,zucchini,yellow peppers,peppers,tomatoes,red wine vinegar","french,vegetarian,vegan,ratatouille","eggplant,zucchini,yellow peppers,tomatoes,olive oil,basil,onion,garlic,red wine vinegar,sugar","2,4,2,4,5,na,1,3,1,1","large,na,na,large,tbs,a bunch of,medium,cloves,tsp,tsp","na,na,na,na,na,na,na,finely chopped,na,na","Cut the aubergines or eggplants in half lengthways. Place them on the board, cut side down, slice in half lengthways again and then across into 1.5cm chunks.', 'Cut off the courgettes or zuchinni ends, then across into 1.5cm slices.', 'Peel the peppers from stalk to bottom. Hold upright, cut around the stalk, then cut into 3 pieces. Cut away any membrane, then chop into bite-size chunks.', 'Score a small cross on the base of each tomato, then put them into a heatproof bowl. Pour boiling water over the tomatoes, leave for 20 secs, then remove. Pour the water away, replace the tomatoes and cover with cold water. Leave to cool, then peel the skin away. Quarter the tomatoes, scrape away the seeds with a spoon, then roughly chop the flesh.', 'Set a sautÃ© pan over medium heat and when hot, pour in 2 tbsp olive oil. Brown the aubergines for 5 mins on each side until the pieces are soft. Set them aside and fry the courgettes in another tbsp oil for 5 mins, until golden on both sides. Repeat with the peppers. Donâ€™t overcook the vegetables at this stage, as they have some more cooking left in the next step.', 'Tear up the basil leaves and set aside. Cook the onion in the pan for 5 minutes. Add the garlic and fry for a further minute. Stir in the vinegar and sugar, then tip in the tomatoes and half the basil. Return the vegetables to the pan with some salt and pepper and cook for 5 minutes. Serve with basil.'",Ratatouille,https://www.themealdb.com/images/media/meals/wrpwuu1511786491.jpg
52915,"egg,butter,parmesan cheese,cheese","french,omelette,vegetarian,chives","egg,butter,parmesan cheese,tarragon,parsley,chives,gruyã¨re","3,2,1,3,1,1,4","na,knobs,tsp,na,tbs,tbs,tbs","na,na,na,chopped,chopped,chopped,na","Get everything ready. Warm a 20cm (measured across the top) non-stick frying pan on a medium heat.', 'Crack the eggs into a bowl and beat them with a fork so they break up and mix, but not as completely as you would for scrambled eggs.', 'With the heat on medium-hot, drop one knob of butter into the pan. It should bubble and sizzle, but not brown. Season the eggs with parmesan and a little salt and pepper, and pour into the pan.', 'Let the eggs bubble slightly for a couple of seconds, then take a wooden fork or spatula and gently draw the mixture in from the sides of the pan a few times, so it gathers in folds in the centre. Leave for a few seconds, then stir again to lightly combine uncooked egg with cooked. Leave briefly again, and when partly cooked, stir a bit faster, stopping while thereâ€™s some barely cooked egg left. With the pan flat on the heat, shake it back and forth a few times to settle the mixture. It should slide easily in the pan and look soft and moist on top. A quick burst of heat will brown the underside.', 'Grip the handle underneath. Tilt the pan down away from you and let the omelette fall to the edge. Fold the side nearest to you over by a third with your fork, and keep it rolling over, so the omelette tips onto a plate â€“ or fold it in half, if thatâ€™s easier. For a neat finish, cover the omelette with a piece of kitchen paper and plump it up a bit with your fingers. Rub the other knob of butter over to glaze. Serve immediately.'",French Omelette,https://www.themealdb.com/images/media/meals/yvpuuy1511797244.jpg
52914,"potatoes,onion,vegetable stock","french,side dish,vegetarian,baking,dairy-free,gluten free","onion,fresh thyme,olive oil,potatoes,vegetable stock","2,na,2,1.5,425","na,sprigs of,tbs,kg,g","finely chopped,na,na,na,na","Heat oven to 200C/fan 180C/gas 6. Fry the onions and thyme sprigs in the oil until softened and lightly coloured (about 5 minutes).', 'Spread a layer of potatoes over the base of a 1.5-litre oiled gratin dish. Sprinkle over a few onions and continue layering, finishing with a layer of potatoes.', 'Pour over the stock and bake for 50-60 mins until the potatoes are cooked and the top is golden and crisp.'",BoulangÃ¨re Potatoes,https://www.themealdb.com/images/media/meals/qywups1511796761.jpg
52815,"lentils,carrot,garlic,thyme","french,vegetarian,vegan,dairy-free","olive oil,onion,garlic,carrot,french lentils,thyme,bay leaf,salt,celery","3,1,2,1,2 1/4,1,3,1,2","tablespoons,na,cloves,na,cups,teaspoon,na,tablespoon,sticks","na,na,na,na,na,na,na,na,na","Place a large saucepan over medium heat and add oil. When hot, add chopped vegetables and sautÃ© until softened, 5 to 10 minutes.', 'Add 6 cups of water, lentils, thyme, bay leaves and salt. Bring to a boil, then reduce to a fast simmer.', 'Simmer lentils until they are tender and have absorbed most of the water, 20 to 25 minutes. If necessary, drain any excess water after lentils have cooked. Serve immediately, or allow them to cool and reheat later.', 'For a fuller taste, use some chicken stock and reduce the water by the same amount.'",French Lentils With Garlic and Thyme,https://www.themealdb.com/images/media/meals/vwwspt1487394060.jpg
52959,"salmon,fennel,tomatoes","british,pescatarian,baking,keto,dairy-free,baking","fennel,parsley,lemon,cherry tomatoes,olive oil,salmon,black olives","2,2,1,175,1,350,na","medium,tbs,na,g,tbs,g,na","na,chopped,juice of,na,na,na,to serve","Heat oven to 180C/fan 160C/gas 4. Trim the fronds from the fennel and set aside. Cut the fennel bulbs in half, then cut each half into 3 wedges.', 'Cook fennel wedges in boiling salted water for 10 mins, then drain well. Chop the fennel fronds roughly, then mix with the parsley and lemon zest.', 'Spread the drained fennel over a shallow ovenproof dish, then add the tomatoes. Drizzle with olive oil, then bake for 10 mins. Nestle the salmon among the vegetables, sprinkle with lemon juice, then bake 15 mins more until the fish is just cooked. Scatter over the parsley and serve.'",Baked salmon with fennel & tomatoes,https://www.themealdb.com/images/media/meals/1548772327.jpg
